NOME;Cargo;Classificacao;TotalHrN1;TotalHrN2;TotalHrN3;TotalHrN4;TotalHr;TotalQntN1;TotalQntN2;TotalQntN3;TotalQntN4;TotalQnt;Score
Funcionário 215;ANL ;;;;;;;;;;;;
Funcionário 1031;ANL ;;;;;;;;;;;;
Funcionário 272;ANL ;;;;;;;;;;;;
Funcionário 240;ANL ;;;;;;;;;;;;
Funcionário 923;AUDITOR ;;;;;;;;;;;;
Funcionário 1107;AST ;;;;;;;;;;;;
Funcionário 1100;OUTROS;;;;;;;;;;;;
Funcionário 420;ADVOGADO ;;;;;;;;;;;;
Funcionário 35;ANL ;;;;;;;;;;;;
Funcionário 744;ANL ;;;;;;;;;;;;
Funcionário 1080;ANL ;;;;;;;;;;;;
Funcionário 387;ANL ;;;;;;;;;;;;
Funcionário 417;CONS ;;;;;;;;;;;;
Funcionário 595;ANL ;;;;;;;;;;;;
Funcionário 679;ANL ;;;;;;;;;;;;
Funcionário 331;ANL ;;;;;;;;;;;;
Funcionário 371;ANL ;;;;;;;;;;;;
Funcionário 979;ANL ;;;;;;;;;;;;
Funcionário 363;ADVOGADO ;;;;;;;;;;;;
Funcionário 281;ESTAGIARIO;;;;;;;;;;;;
Funcionário 446;ANL ;;;;;;;;;;;;
Funcionário 455;ANL ;;;;;;;;;;;;
Funcionário 453;ANL ;;;;;;;;;;;;
Funcionário 436;ANL ;;;;;;;;;;;;
Funcionário 625;ANL ;;;;;;;;;;;;
Funcionário 1176;GTE ;;;;;;;;;;;;
Funcionário 195;COORD ;;;;;;;;;;;;
Funcionário 1092;GTE ;;;;;;;;;;;;
Funcionário 275;ANL ;;;;;;;;;;;;
Funcionário 802;AUDITOR ;;;;;;;;;;;;
Funcionário 314;ANL ;;;;;;;;;;;;
Funcionário 288;ESTAGIARIO;;;;;;;;;;;;
Funcionário 516;ANL ;;;;;;;;;;;;
Funcionário 674;ANL ;;;;;;;;;;;;
Funcionário 839;ANL ;;;;;;;;;;;;
Funcionário 382;ANL ;;;;;;;;;;;;
Funcionário 490;SUPTE ;;;;;;;;;;;;
Funcionário 752;CONS ;;;;;;;;;;;;
Funcionário 925;ANL ;;;;;;;;;;;;
Funcionário 942;ANL ;;;;;;;;;;;;
Funcionário 967;ANL ;;;;;;;;;;;;
Funcionário 664;CONS ;;;;;;;;;;;;
Funcionário 134;ANL ;;;;;;;;;;;;
Funcionário 361;GTE ;;;;;;;;;;;;
Funcionário 893;ANL ;;;;;;;;;;;;
Funcionário 1112;COORD ;;;;;;;;;;;;
Funcionário 834;OUTROS;;;;;;;;;;;;
Funcionário 646;ANL ;;;;;;;;;;;;
Funcionário 749;CONS ;;;;;;;;;;;;
Funcionário 1096;ANL ;;;;;;;;;;;;
Funcionário 383;Terceiro;;;;;;;;;;;;
Funcionário 306;COORD ;;;;;;;;;;;;
Funcionário 941;ANL ;;;;;;;;;;;;
Funcionário 1009;COORD ;;;;;;;;;;;;
Funcionário 645;AST ;;;;;;;;;;;;
Funcionário 887;ANL ;;;;;;;;;;;;
Funcionário 861;ANL ;;;;;;;;;;;;
Funcionário 34;ANL ;;;;;;;;;;;;
Funcionário 1026;ANL ;;;;;;;;;;;;
Funcionário 1168;ANL ;;;;;;;;;;;;
Funcionário 70;ANL ;;;;;;;;;;;;
Funcionário 310;SUPTE ;;;;;;;;;;;;
Funcionário 494;ANL ;;;;;;;;;;;;
Funcionário 02;COORD ;;;;;;;;;;;;
Funcionário 759;ANL ;;;;;;;;;;;;
Funcionário 692;COORD ;;;;;;;;;;;;
Funcionário 801;AST ;;;;;;;;;;;;
Funcionário 1116;ANL ;;;;;;;;;;;;
Funcionário 611;ANL ;;;;;;;;;;;;
Funcionário 237;AST ;;;;;;;;;;;;
Funcionário 676;AST ;;;;;;;;;;;;
Funcionário 74;ANL ;;;;;;;;;;;;
Funcionário 906;ANL ;;;;;;;;;;;;
Funcionário 443;ANL ;;;;;;;;;;;;
Funcionário 1126;ANL ;;;;;;;;;;;;
Funcionário 278;ADVOGADO ;;;;;;;;;;;;
Funcionário 823;ANL ;;;;;;;;;;;;
Funcionário 11;ANL ;;;;;;;;;;;;
Funcionário 524;SUPTE ;;;;;;;;;;;;
Funcionário 398;AST ;;;;;;;;;;;;
Funcionário 481;ANL ;;;;;;;;;;;;
Funcionário 1161;ANL ;;;;;;;;;;;;
Funcionário 702;ANL ;;;;;;;;;;;;
Funcionário 549;ADVOGADO ;;;;;;;;;;;;
Funcionário 578;ANL ;;;;;;;;;;;;
Funcionário 392;ANL ;;;;;;;;;;;;
Funcionário 641;ANL ;;;;;;;;;;;;
Funcionário 935;ANL ;;;;;;;;;;;;
Funcionário 279;ESTAGIARIO;;;;;;;;;;;;
Funcionário 943;ESTAGIARIO;;;;;;;;;;;;
Funcionário 1158;ANL ;;;;;;;;;;;;
Funcionário 649;ANL ;;;;;;;;;;;;
Funcionário 426;ANL ;;;;;;;;;;;;
Funcionário 847;ANL ;;;;;;;;;;;;
Funcionário 1160;AST ;;;;;;;;;;;;
Funcionário 1163;COORD ;;;;;;;;;;;;
Funcionário 845;AST ;;;;;;;;;;;;
Funcionário 742;ADVOGADO ;;;;;;;;;;;;
Funcionário 241;ANL ;;;;;;;;;;;;
Funcionário 487;GTE ;;;;;;;;;;;;
Funcionário 1034;GTE ;;;;;;;;;;;;
Funcionário 285;OUTROS;;;;;;;;;;;;
Funcionário 343;AST ;;;;;;;;;;;;
Funcionário 888;ANL ;;;;;;;;;;;;
Funcionário 198;OUTROS;;;;;;;;;;;;
Funcionário 46;GTE ;;;;;;;;;;;;
Funcionário 177;GTE ;;;;;;;;;;;;
Funcionário 381;ANL ;;;;;;;;;;;;
Funcionário 538;OUTROS;;;;;;;;;;;;
Funcionário 969;ANL ;;;;;;;;;;;;
Funcionário 1152;ANL ;;;;;;;;;;;;
Funcionário 76;AST ;;;;;;;;;;;;
Funcionário 202;ANL ;;;;;;;;;;;;
Funcionário 542;AST ;;;;;;;;;;;;
Funcionário 844;OUTROS;;;;;;;;;;;;
Funcionário 928;CONS ;;;;;;;;;;;;
Funcionário 1141;ANL ;;;;;;;;;;;;
Funcionário 122;ANL ;;;;;;;;;;;;
Funcionário 330;ANL ;;;;;;;;;;;;
Funcionário 486;OUTROS;;;;;;;;;;;;
Funcionário 776;ESTAGIARIO;;;;;;;;;;;;
Funcionário 955;AST ;;;;;;;;;;;;
Funcionário 998;ANL ;;;;;;;;;;;;
Funcionário 758;ANL ;;;;;;;;;;;;
Funcionário 407;ANL ;;;;;;;;;;;;
Funcionário 263;GTE ;;;;;;;;;;;;
Funcionário 355;SUPTE;;;;;;;;;;;;
Funcionário 438;OUTROS;;;;;;;;;;;;
Funcionário 297;SUPTE ;;;;;;;;;;;;
Funcionário 800;ANL ;;;;;;;;;;;;
Funcionário 507;ANL ;;;;;;;;;;;;
Funcionário 50;DIR ;;;;;;;;;;;;
Funcionário 843;ANL ;;;;;;;;;;;;
Funcionário 1121;ANL ;;;;;;;;;;;;
Funcionário 620;AST ;;;;;;;;;;;;
Funcionário 235;SUPTE ;;;;;;;;;;;;
Funcionário 440;GTE ;;;;;;;;;;;;
Funcionário 528;AST ;;;;;;;;;;;;
Funcionário 602;AST ;;;;;;;;;;;;
Funcionário 693;OUTROS;;;;;;;;;;;;
Funcionário 900;ANL ;;;;;;;;;;;;
Funcionário 728;ANL ;;;;;;;;;;;;
Funcionário 01;GTE ;;;;;;;;;;;;
Funcionário 245;AST ;;;;;;;;;;;;
Funcionário 298;ANL ;;;;;;;;;;;;
Funcionário 1059;ANL ;;;;;;;;;;;;
Funcionário 208;ANL ;;;;;;;;;;;;
Funcionário 495;ADVOGADO ;;;;;;;;;;;;
Funcionário 577;GTE ;;;;;;;;;;;;
Funcionário 162;GTE ;;;;;;;;;;;;
Funcionário 180;ANL ;;;;;;;;;;;;
Funcionário 804;COORD ;;;;;;;;;;;;
Funcionário 303;DIR ;;;;;;;;;;;;
Funcionário 14;ANL ;;;;;;;;;;;;
Funcionário 537;ADVOGADO ;;;;;;;;;;;;
Funcionário 682;OUTROS;;;;;;;;;;;;
Funcionário 822;ANL ;;;;;;;;;;;;
Funcionário 858;AST ;;;;;;;;;;;;
Funcionário 1042;AST ;;;;;;;;;;;;
Funcionário 1069;ANL ;;;;;;;;;;;;
Funcionário 203;CONS ;;;;;;;;;;;;
Funcionário 866;SUPTE ;;;;;;;;;;;;
Funcionário 908;ANL ;;;;;;;;;;;;
Funcionário 1002;AST ;;;;;;;;;;;;
Funcionário 342;AST ;;;;;;;;;;;;
Funcionário 879;SUPTE ;;;;;;;;;;;;
Funcionário 423;DIR ;;;;;;;;;;;;
Funcionário 808;VICE ;;;;;;;;;;;;
Funcionário 541;COORD ;;;;;;;;;;;;
Funcionário 767;SUPTE ;;;;;;;;;;;;
Funcionário 902;DIR ;;;;;;;;;;;;
Funcionário 435;ANL ;;;;;;;;;;;;
Funcionário 949;ANL ;;;;;;;;;;;;
Funcionário 683;SUPTE ;;;;;;;;;;;;
Funcionário 770;OUTROS;;;;;;;;;;;;
Funcionário 510;ANL ;;;;;;;;;;;;
Funcionário 623;SUPTE ;;;;;;;;;;;;
Funcionário 533;ANL ;;;;;;;;;;;;
Funcionário 492;ESP ;;;;;;;;;;;;
Funcionário 504;GTE ;;;;;;;;;;;;
Funcionário 535;ANL ;;;;;;;;;;;;
Funcionário 898;DIR ;;;;;;;;;;;;
Funcionário 1174;ANL ;;;;;;;;;;;;
Funcionário 432;SUPTE ;;;;;;;;;;;;
Funcionário 654;COORD ;;;;;;;;;;;;
Funcionário 772;ANL ;;;;;;;;;;;;
Funcionário 948;DIR ;;;;;;;;;;;;
Funcionário 1024;SUPTE ;;;;;;;;;;;;
Funcionário 290;SUPTE ;;;;;;;;;;;;
Funcionário 1159;ANL ;;;;;;;;;;;;
Funcionário 1128;SUPTE ;;;;;;;;;;;;
Funcionário 997;ANL ;;;;;;;;;;;;
Funcionário 818;DIR ;;;;;;;;;;;;
Funcionário 1055;SUPTE ;;;;;;;;;;;;
Funcionário 312;ANL ;;;;;;;;;;;;
Funcionário 467;GTE ;;;;;;;;;;;;
Funcionário 914;SUPTE ;;;;;;;;;;;;
Funcionário 1130;ANL ;;;;;;;;;;;;
Funcionário 582;ANL ;;;;;;;;;;;;
Funcionário 643;ANL ;;;;;;;;;;;;
Funcionário 705;ANL ;;;;;;;;;;;;
Funcionário 714;ANL ;;;;;;;;;;;;
Funcionário 1007;ANL ;;;;;;;;;;;;
Funcionário 469;ANL ;;;;;;;;;;;;
Funcionário 677;ANL ;;;;;;;;;;;;
Funcionário 136;ANL ;;;;;;;;;;;;
Funcionário 249;SUPTE ;;;;;;;;;;;;
Funcionário 465;GTE ;;;;;;;;;;;;
Funcionário 775;AST ;;;;;;;;;;;;
Funcionário 12;GER ;;;;;;;;;;;;
Funcionário 543;GTE ;;;;;;;;;;;;
Funcionário 824;ESP ;;;;;;;;;;;;
Funcionário 945;ANL ;;;;;;;;;;;;
Funcionário 142;PRESIDENTE;;;;;;;;;;;;
Funcionário 572;ANL ;;;;;;;;;;;;
Funcionário 652;ANL ;;;;;;;;;;;;
Funcionário 1043;ANL ;;;;;;;;;;;;
Funcionário 454;ANL ;;;;;;;;;;;;
Funcionário 774;SUPTE ;;;;;;;;;;;;
Funcionário 338;OUTROS;;;;;;;;;;;;
Funcionário 635;ANL ;;;;;;;;;;;;
Funcionário 666;OUTROS;;;;;;;;;;;;
Funcionário 792;ANL ;;;;;;;;;;;;
Funcionário 37;OUTROS;;;;;;;;;;;;
Funcionário 530;ANL ;;;;;;;;;;;;
Funcionário 905;GTE ;;;;;;;;;;;;
Funcionário 1016;AST ;;;;;;;;;;;;
Funcionário 1155;ANL ;;;;;;;;;;;;
Funcionário 38;ESTAGIARIO;;;;;;;;;;;;
Funcionário 673;CONS ;;;;;;;;;;;;
Funcionário 751;AST ;;;;;;;;;;;;
Funcionário 840;GTE ;;;;;;;;;;;;
Funcionário 915;CONS ;;;;;;;;;;;;
Funcionário 978;CONS ;;;;;;;;;;;;
Funcionário 413;SUPTE ;;;;;;;;;;;;
Funcionário 100;GTE ;;;;;;;;;;;;
Funcionário 511;OUTROS;;;;;;;;;;;;
Funcionário 670;ANL ;;;;;;;;;;;;
Funcionário 699;SUPTE ;;;;;;;;;;;;
Funcionário 127;SUPTE ;;;;;;;;;;;;
Funcionário 434;AST ;;;;;;;;;;;;
Funcionário 190;SUPTE ;;;;;;;;;;;;
Funcionário 1050;GTE ;;;;;;;;;;;;
Funcionário 1129;COORD ;;;;;;;;;;;;
Funcionário 780;AST ;;;;;;;;;;;;
Funcionário 346;ANL ;;;;;;;;;;;;
Funcionário 462;AST ;;;;;;;;;;;;
Funcionário 234;ANL ;;;;;;;;;;;;
Funcionário 329;COORD ;;;;;;;;;;;;
Funcionário 192;ANL ;;;;;;;;;;;;
Funcionário 512;CONS ;;;;;;;;;;;;
Funcionário 1036;ANL ;;;;;;;;;;;;
Funcionário 30;SUPTE ;;;;;;;;;;;;
Funcionário 88;ADVOGADO ;;;;;;;;;;;;
Funcionário 684;ANL ;;;;;;;;;;;;
Funcionário 376;SUPTE;;;;;;;;;;;;
Funcionário 886;ANL ;;;;;;;;;;;;
Funcionário 940;GTE ;;;;;;;;;;;;
Funcionário 1047;ANL ;;;;;;;;;;;;
Funcionário 252;GTE ;;;;;;;;;;;;
Funcionário 734;ANL ;;;;;;;;;;;;
Funcionário 796;AUDITOR ;;;;;;;;;;;;
Funcionário 703;GTE ;;;;;;;;;;;;
Funcionário 347;ANL ;;;;;;;;;;;;
Funcionário 60;SUPTE ;;;;;;;;;;;;
Funcionário 75;COORD ;;;;;;;;;;;;
Funcionário 709;DIR ;;;;;;;;;;;;
Funcionário 205;COORD ;;;;;;;;;;;;
Funcionário 251;ANL ;;;;;;;;;;;;
Funcionário 321;GTE ;;;;;;;;;;;;
Funcionário 336;ANL ;;;;;;;;;;;;
Funcionário 463;ESP ;;;;;;;;;;;;
Funcionário 911;SUPTE ;;;;;;;;;;;;
Funcionário 987;CONS ;;;;;;;;;;;;
Funcionário 950;SUPTE ;;;;;;;;;;;;
Funcionário 284;ANL ;;;;;;;;;;;;
Funcionário 1067;GTE ;;;;;;;;;;;;
Funcionário 1165;ANL ;;;;;;;;;;;;
Funcionário 19;CONS ;;;;;;;;;;;;
Funcionário 66;GTE ;;;;;;;;;;;;
Funcionário 147;ADVOGADO ;;;;;;;;;;;;
Funcionário 155;ANL ;;;;;;;;;;;;
Funcionário 960;SUPTE ;;;;;;;;;;;;
Funcionário 988;ANL ;;;;;;;;;;;;
Funcionário 302;CONS ;;;;;;;;;;;;
Funcionário 132;ANL ;;;;;;;;;;;;
Funcionário 357;ANL ;;;;;;;;;;;;
Funcionário 450;ESP ;;;;;;;;;;;;
Funcionário 201;ANL ;;;;;;;;;;;;
Funcionário 394;GTE ;;;;;;;;;;;;
Funcionário 766;GTE ;;;;;;;;;;;;
Funcionário 896;ANL ;;;;;;;;;;;;
Funcionário 90;ANL ;;;;;;;;;;;;
Funcionário 91;COORD ;;;;;;;;;;;;
Funcionário 379;ANL ;;;;;;;;;;;;
Funcionário 556;CONS ;;;;;;;;;;;;
Funcionário 727;SUPTE ;;;;;;;;;;;;
Funcionário 791;GTE ;;;;;;;;;;;;
Funcionário 1108;SUPTE ;;;;;;;;;;;;
Funcionário 531;ANL ;;;;;;;;;;;;
Funcionário 209;ANL ;;;;;;;;;;;;
Funcionário 187;ANL ;;;;;;;;;;;;
Funcionário 584;AUDITOR ;;;;;;;;;;;;
Funcionário 1053;AUDITOR ;;;;;;;;;;;;
Funcionário 154;ANL ;;;;;;;;;;;;
Funcionário 1037;ANL ;;;;;;;;;;;;
Funcionário 27;ANL ;;;;;;;;;;;;
Funcionário 1019;ANL ;;;;;;;;;;;;
Funcionário 1021;DIR ;;;;;;;;;;;;
Funcionário 243;ADVOGADO ;;;;;;;;;;;;
Funcionário 1157;COORD ;;;;;;;;;;;;
Funcionário 144;ANL ;;;;;;;;;;;;
Funcionário 42;ANL ;;;;;;;;;;;;
Funcionário 1164;SUPTE ;;;;;;;;;;;;
Funcionário 194;ANL ;;;;;;;;;;;;
Funcionário 427;ANL ;;;;;;;;;;;;
Funcionário 964;ANL ;;;;;;;;;;;;
Funcionário 25;AST ;;;;;;;;;;;;
Funcionário 917;AST ;;;;;;;;;;;;
Funcionário 930;ESTAGIARIO;;;;;;;;;;;;
Funcionário 596;ANL ;;;;;;;;;;;;
Funcionário 40;ESTAGIARIO;;;;;;;;;;;;
Funcionário 105;ANL ;;;;;;;;;;;;
Funcionário 405;ANL ;;;;;;;;;;;;
Funcionário 851;ESTAGIARIO;;;;;;;;;;;;
Funcionário 926;ANL ;;;;;;;;;;;;
Funcionário 1132;ANL ;;;;;;;;;;;;
Funcionário 609;ANL ;;;;;;;;;;;;
Funcionário 191;OUTROS;;;;;;;;;;;;
Funcionário 1011;ANL ;;;;;;;;;;;;
Funcionário 78;ANL ;;;;;;;;;;;;
Funcionário 86;ANL ;;;;;;;;;;;;
Funcionário 140;ANL ;;;;;;;;;;;;
Funcionário 283;GTE ;;;;;;;;;;;;
Funcionário 865;ANL ;;;;;;;;;;;;
Funcionário 989;ESTAGIARIO;;;;;;;;;;;;
Funcionário 304;CONS ;;;;;;;;;;;;
Funcionário 262;ANL ;;;;;;;;;;;;
Funcionário 856;OUTROS;;;;;;;;;;;;
Funcionário 1090;OUTROS;;;;;;;;;;;;
Funcionário 1134;CONS ;;;;;;;;;;;;
Funcionário 378;GTE ;;;;;;;;;;;;
Funcionário 1072;ANL ;;;;;;;;;;;;
Funcionário 461;ANL ;;;;;;;;;;;;
Funcionário 62;AST ;;;;;;;;;;;;
Funcionário 397;AST ;;;;;;;;;;;;
Funcionário 587;COORD ;;;;;;;;;;;;
Funcionário 748;GTE ;;;;;;;;;;;;
Funcionário 1143;OUTROS;;;;;;;;;;;;
Funcionário 525;ANL ;;;;;;;;;;;;
Funcionário 629;COORD ;;;;;;;;;;;;
Funcionário 1099;ANL ;;;;;;;;;;;;
Funcionário 163;SUPTE ;;;;;;;;;;;;
Funcionário 53;OUTROS;;;;;;;;;;;;
Funcionário 506;OUTROS;;;;;;;;;;;;
Funcionário 719;ANL ;;;;;;;;;;;;
Funcionário 212;SUPTE ;;;;;;;;;;;;
Funcionário 852;GER ;;;;;;;;;;;;
Funcionário 168;GTE ;;;;;;;;;;;;
Funcionário 370;ESP ;;;;;;;;;;;;
Funcionário 399;OUTROS;;;;;;;;;;;;
Funcionário 715;ANL ;;;;;;;;;;;;
Funcionário 953;GTE ;;;;;;;;;;;;
Funcionário 877;COORD ;;;;;;;;;;;;
Funcionário 718;SUPTE ;;;;;;;;;;;;
Funcionário 913;ANL ;;;;;;;;;;;;
Funcionário 1136;GTE ;;;;;;;;;;;;
Funcionário 806;OUTROS;;;;;;;;;;;;
Funcionário 973;GTE ;;;;;;;;;;;;
Funcionário 1062;DIR ;;;;;;;;;;;;
Funcionário 1093;ANL ;;;;;;;;;;;;
Funcionário 416;ANL ;;;;;;;;;;;;
Funcionário 477;ANL ;;;;;;;;;;;;
Funcionário 1070;CHEFE ;;;;;;;;;;;;
Funcionário 627;ANL ;;;;;;;;;;;;
Funcionário 788;ANL ;;;;;;;;;;;;
Funcionário 892;ANL ;;;;;;;;;;;;
Funcionário 1023;GTE ;;;;;;;;;;;;
Funcionário 1104;AST ;;;;;;;;;;;;
Funcionário 1135;ANL ;;;;;;;;;;;;
Funcionário 546;ADVOGADO ;;;;;;;;;;;;
Funcionário 171;GER ;;;;;;;;;;;;
Funcionário 409;ANL ;;;;;;;;;;;;
Funcionário 230;ANL ;;;;;;;;;;;;
Funcionário 637;CONS ;;;;;;;;;;;;
Funcionário 760;CONS ;;;;;;;;;;;;
Funcionário 721;SUPTE ;;;;;;;;;;;;
Funcionário 473;ANL ;;;;;;;;;;;;
Funcionário 984;ANL ;;;;;;;;;;;;
Funcionário 1138;SUPTE ;;;;;;;;;;;;
Funcionário 151;ANL ;;;;;;;;;;;;
Funcionário 36;DIR ;;;;;;;;;;;;
Funcionário 111;GTE ;;;;;;;;;;;;
Funcionário 165;ANL ;;;;;;;;;;;;
Funcionário 224;GTE ;;;;;;;;;;;;
Funcionário 474;SUPTE ;;;;;;;;;;;;
Funcionário 475;ANL ;;;;;;;;;;;;
Funcionário 548;COORD ;;;;;;;;;;;;
Funcionário 1087;COORD ;;;;;;;;;;;;
Funcionário 45;ANL ;;;;;;;;;;;;
Funcionário 367;ANL ;;;;;;;;;;;;
Funcionário 540;GTE ;;;;;;;;;;;;
Funcionário 690;GTE ;;;;;;;;;;;;
Funcionário 753;GTE ;;;;;;;;;;;;
Funcionário 875;DIR ;;;;;;;;;;;;
Funcionário 939;GTE ;;;;;;;;;;;;
Funcionário 1013;SUPTE ;;;;;;;;;;;;
Funcionário 550;GTE ;;;;;;;;;;;;
Funcionário 532;ANL ;;;;;;;;;;;;
Funcionário 813;GTE ;;;;;;;;;;;;
Funcionário 149;SUPTE ;;;;;;;;;;;;
Funcionário 1071;ANL ;;;;;;;;;;;;
Funcionário 731;ANL ;;;;;;;;;;;;
Funcionário 254;COORD ;;;;;;;;;;;;
Funcionário 755;GER ;;;;;;;;;;;;
Funcionário 185;ANL ;;;;;;;;;;;;
Funcionário 412;GTE ;;;;;;;;;;;;
Funcionário 374;GTE ;;;;;;;;;;;;
Funcionário 226;SUPTE ;;;;;;;;;;;;
Funcionário 585;COORD ;;;;;;;;;;;;
Funcionário 933;ANL ;;;;;;;;;;;;
Funcionário 1046;SUPTE ;;;;;;;;;;;;
Funcionário 69;ANL ;;;;;;;;;;;;
Funcionário 1170;ANL ;;;;;;;;;;;;
Funcionário 737;DIR ;;;;;;;;;;;;
Funcionário 182;ANL ;;;;;;;;;;;;
Funcionário 687;GTE ;;;;;;;;;;;;
Funcionário 954;ANL ;;;;;;;;;;;;
Funcionário 244;ANL ;;;;;;;;;;;;
Funcionário 06;SUPTE ;;;;;;;;;;;;
Funcionário 1022;COORD ;;;;;;;;;;;;
Funcionário 400;ANL ;;;;;;;;;;;;
Funcionário 99;GTE ;;;;;;;;;;;;
Funcionário 1171;ANL ;;;;;;;;;;;;
Funcionário 927;ANL ;;;;;;;;;;;;
Funcionário 20;ANL ;;;;;;;;;;;;
Funcionário 33;ANL ;;;;;;;;;;;;
Funcionário 722;ANL ;;;;;;;;;;;;
Funcionário 1172;COORD ;;;;;;;;;;;;
Funcionário 805;ANL ;;;;;;;;;;;;
Funcionário 881;ANL ;;;;;;;;;;;;
Funcionário 986;CONS ;;;;;;;;;;;;
Funcionário 308;ANL ;;;;;;;;;;;;
Funcionário 756;ANL ;;;;;;;;;;;;
Funcionário 726;ANL ;;;;;;;;;;;;
Funcionário 814;ANL ;;;;;;;;;;;;
Funcionário 31;GTE ;;;;;;;;;;;;
Funcionário 1020;SUPTE ;;;;;;;;;;;;
Funcionário 1027;SUPTE ;;;;;;;;;;;;
Funcionário 325;ANL ;;;;;;;;;;;;
Funcionário 282;GTE ;;;;;;;;;;;;
Funcionário 309;AST ;;;;;;;;;;;;
Funcionário 836;GTE ;;;;;;;;;;;;
Funcionário 991;AST ;;;;;;;;;;;;
Funcionário 264;ANL ;;;;;;;;;;;;
Funcionário 1124;SUPTE ;;;;;;;;;;;;
Funcionário 1167;GTE ;;;;;;;;;;;;
Funcionário 846;ANL ;;;;;;;;;;;;
Funcionário 270;ANL ;;;;;;;;;;;;
Funcionário 172;SUPTE ;;;;;;;;;;;;
Funcionário 418;GTE ;;;;;;;;;;;;
Funcionário 777;ANL ;;;;;;;;;;;;
Funcionário 1133;SUPTE ;;;;;;;;;;;;
Funcionário 183;GTE ;;;;;;;;;;;;
Funcionário 605;ANL ;;;;;;;;;;;;
Funcionário 137;GTE ;;;;;;;;;;;;
Funcionário 139;AST ;;;;;;;;;;;;
Funcionário 255;ANL ;;;;;;;;;;;;
Funcionário 604;ANL ;;;;;;;;;;;;
Funcionário 521;AST ;;;;;;;;;;;;
Funcionário 49;ANL ;;;;;;;;;;;;
Funcionário 120;OUTROS;;;;;;;;;;;;
Funcionário 131;OUTROS;;;;;;;;;;;;
Funcionário 328;OUTROS;;;;;;;;;;;;
Funcionário 552;OUTROS;;;;;;;;;;;;
Funcionário 810;OUTROS;;;;;;;;;;;;
Funcionário 971;ANL ;;;;;;;;;;;;
Funcionário 15;ESTAGIARIO;;;;;;;;;;;;
Funcionário 341;ESP ;;;;;;;;;;;;
Funcionário 1000;SUPTE ;;;;;;;;;;;;
Funcionário 565;ANL ;;;;;;;;;;;;
Funcionário 319;ANL ;;;;;;;;;;;;
Funcionário 169;ANL ;;;;;;;;;;;;
Funcionário 128;ESTAGIARIO;;;;;;;;;;;;
Funcionário 821;ANL ;;;;;;;;;;;;
Funcionário 103;ANL ;;;;;;;;;;;;
Funcionário 72;ESTAGIARIO;;;;;;;;;;;;
Funcionário 135;ANL ;;;;;;;;;;;;
Funcionário 159;ANL ;;;;;;;;;;;;
Funcionário 311;ANL ;;;;;;;;;;;;
Funcionário 890;ANL ;;;;;;;;;;;;
Funcionário 1079;ANL ;;;;;;;;;;;;
Funcionário 150;ANL ;;;;;;;;;;;;
Funcionário 181;ESTAGIARIO;;;;;;;;;;;;
Funcionário 106;CONS ;;;;;;;;;;;;
Funcionário 59;ANL ;;;;;;;;;;;;
Funcionário 1052;COORD ;;;;;;;;;;;;
Funcionário 21;OUTROS;;;;;;;;;;;;
Funcionário 23;ANL ;;;;;;;;;;;;
Funcionário 199;ESTAGIARIO;;;;;;;;;;;;
Funcionário 1035;ANL ;;;;;;;;;;;;
Funcionário 94;ANL ;;;;;;;;;;;;
Funcionário 831;ESTAGIARIO;;;;;;;;;;;;
Funcionário 1077;ANL ;;;;;;;;;;;;
Funcionário 414;CONS ;;;;;;;;;;;;
Funcionário 1162;AUDITOR ;;;;;;;;;;;;
Funcionário 257;SUPTE ;;;;;;;;;;;;
Funcionário 138;OUTROS;;;;;;;;;;;;
Funcionário 178;SUPTE ;;;;;;;;;;;;
Funcionário 1144;ANL ;;;;;;;;;;;;
Funcionário 386;ANL ;;;;;;;;;;;;
Funcionário 372;ANL ;;;;;;;;;;;;
Funcionário 286;COORD ;;;;;;;;;;;;
Funcionário 315;ANL ;;;;;;;;;;;;
Funcionário 500;AST ;;;;;;;;;;;;
Funcionário 1012;ANL ;;;;;;;;;;;;
Funcionário 1038;GTE ;;;;;;;;;;;;
Funcionário 188;OUTROS;;;;;;;;;;;;
Funcionário 860;ANL ;;;;;;;;;;;;
Funcionário 757;SUPTE ;;;;;;;;;;;;
Funcionário 1045;SUPTE ;;;;;;;;;;;;
Funcionário 1147;CONS ;;;;;;;;;;;;
Funcionário 985;ANL ;;;;;;;;;;;;
Funcionário 301;ANL ;;;;;;;;;;;;
Funcionário 832;COORD ;;;;;;;;;;;;
Funcionário 579;COORD ;;;;;;;;;;;;
Funcionário 909;GTE ;;;;;;;;;;;;
Funcionário 980;ANL ;;;;;;;;;;;;
Funcionário 464;ANL ;;;;;;;;;;;;
Funcionário 828;TECN ;;;;;;;;;;;;
Funcionário 920;SUPTE ;;;;;;;;;;;;
Funcionário 348;CONS ;;;;;;;;;;;;
Funcionário 1115;GTE ;;;;;;;;;;;;
Funcionário 362;ANL ;;;;;;;;;;;;
Funcionário 211;ANL ;;;;;;;;;;;;
Funcionário 112;CONS ;;;;;;;;;;;;
Funcionário 568;ANL ;;;;;;;;;;;;
Funcionário 675;ANL ;;;;;;;;;;;;
Funcionário 983;ANL ;;;;;;;;;;;;
Funcionário 1032;ANL ;;;;;;;;;;;;
Funcionário 1078;ANL ;;;;;;;;;;;;
Funcionário 1178;ANL ;;;;;;;;;;;;
Funcionário 761;ANL ;;;;;;;;;;;;
Funcionário 581;ANL ;;;;;;;;;;;;
Funcionário 307;ANL ;;;;;;;;;;;;
Funcionário 593;ANL ;;;;;;;;;;;;
Funcionário 785;ANL ;;;;;;;;;;;;
Funcionário 1033;ANL ;;;;;;;;;;;;
Funcionário 1156;SUPTE ;;;;;;;;;;;;
Funcionário 44;SUPTE ;;;;;;;;;;;;
Funcionário 784;OUTROS;;;;;;;;;;;;
Funcionário 109;ANL ;;;;;;;;;;;;
Funcionário 101;GTE ;;;;;;;;;;;;
Funcionário 280;OUTROS;;;;;;;;;;;;
Funcionário 701;ANL ;;;;;;;;;;;;
Funcionário 807;TECN ;;;;;;;;;;;;
Funcionário 599;OUTROS;;;;;;;;;;;;
Funcionário 771;ANL ;;;;;;;;;;;;
Funcionário 878;CONS ;;;;;;;;;;;;
Funcionário 1145;OUTROS;;;;;;;;;;;;
Funcionário 1119;DIR ;;;;;;;;;;;;
Funcionário 393;OUTROS;;;;;;;;;;;;
Funcionário 445;OUTROS;;;;;;;;;;;;
Funcionário 295;ANL ;;;;;;;;;;;;
Funcionário 17;GTE ;;;;;;;;;;;;
Funcionário 717;OUTROS;;;;;;;;;;;;
Funcionário 769;ESP ;;;;;;;;;;;;
Funcionário 18;ANL ;;;;;;;;;;;;
Funcionário 305;AST ;;;;;;;;;;;;
Funcionário 558;CONS;;;;;;;;;;;;
Funcionário 588;ANL ;;;;;;;;;;;;
Funcionário 233;ANL ;;;;;;;;;;;;
Funcionário 268;OUTROS;;;;;;;;;;;;
Funcionário 958;ANL ;;;;;;;;;;;;
Funcionário 1097;ANL ;;;;;;;;;;;;
Funcionário 612;AST ;;;;;;;;;;;;
Funcionário 380;ANL ;;;;;;;;;;;;
Funcionário 591;SUPTE ;;;;;;;;;;;;
Funcionário 952;ANL ;;;;;;;;;;;;
Funcionário 1148;ANL ;;;;;;;;;;;;
Funcionário 1149;SUPTE ;;;;;;;;;;;;
Funcionário 260;ANL ;;;;;;;;;;;;
Funcionário 411;ANL ;;;;;;;;;;;;
Funcionário 402;ANL ;;;;;;;;;;;;
Funcionário 437;ANL ;;;;;;;;;;;;
Funcionário 782;ANL ;;;;;;;;;;;;
Funcionário 668;AUDITOR ;;;;;;;;;;;;
Funcionário 143;ANL ;;;;;;;;;;;;
Funcionário 1131;ANL ;;;;;;;;;;;;
Funcionário 292;COORD ;;;;;;;;;;;;
Funcionário 660;CONS ;;;;;;;;;;;;
Funcionário 963;ANL ;;;;;;;;;;;;
Funcionário 1049;CONS ;;;;;;;;;;;;
Funcionário 1177;ANL ;;;;;;;;;;;;
Funcionário 1139;ANL ;;;;;;;;;;;;
Funcionário 43;GTE ;;;;;;;;;;;;
Funcionário 903;COORD ;;;;;;;;;;;;
Funcionário 499;ANL ;;;;;;;;;;;;
Funcionário 894;SUPTE ;;;;;;;;;;;;
Funcionário 993;ANL ;;;;;;;;;;;;
Funcionário 653;ANL ;;;;;;;;;;;;
Funcionário 723;CONS ;;;;;;;;;;;;
Funcionário 1025;ANL ;;;;;;;;;;;;
Funcionário 318;CONS ;;;;;;;;;;;;
Funcionário 811;GTE ;;;;;;;;;;;;
Funcionário 1017;ANL ;;;;;;;;;;;;
Funcionário 672;ESP ;;;;;;;;;;;;
Funcionário 534;OUTROS;;;;;;;;;;;;
Funcionário 631;GTE ;;;;;;;;;;;;
Funcionário 738;ANL ;;;;;;;;;;;;
Funcionário 125;SUPTE ;;;;;;;;;;;;
Funcionário 287;GTE ;;;;;;;;;;;;
Funcionário 916;OUTROS;;;;;;;;;;;;
Funcionário 1051;OUTROS;;;;;;;;;;;;
Funcionário 375;CONS ;;;;;;;;;;;;
Funcionário 992;SUPTE ;;;;;;;;;;;;
Funcionário 353;ANL ;;;;;;;;;;;;
Funcionário 520;OUTROS;;;;;;;;;;;;
Funcionário 452;AST ;;;;;;;;;;;;
Funcionário 509;GTE ;;;;;;;;;;;;
Funcionário 763;OUTROS;;;;;;;;;;;;
Funcionário 93;ANL ;;;;;;;;;;;;
Funcionário 816;ANL ;;;;;;;;;;;;
Funcionário 80;ANL ;;;;;;;;;;;;
Funcionário 765;ANL ;;;;;;;;;;;;
Funcionário 634;OUTROS;;;;;;;;;;;;
Funcionário 130;ANL ;;;;;;;;;;;;
Funcionário 200;ANL ;;;;;;;;;;;;
Funcionário 451;AUDITOR ;;;;;;;;;;;;
Funcionário 424;ANL ;;;;;;;;;;;;
Funcionário 696;ANL ;;;;;;;;;;;;
Funcionário 365;ANL ;;;;;;;;;;;;
Funcionário 206;ANL ;;;;;;;;;;;;
Funcionário 293;ANL ;;;;;;;;;;;;
Funcionário 327;ANL ;;;;;;;;;;;;
Funcionário 527;GTE ;;;;;;;;;;;;
Funcionário 197;ANL ;;;;;;;;;;;;
Funcionário 575;ANL ;;;;;;;;;;;;
Funcionário 885;ANL ;;;;;;;;;;;;
Funcionário 32;ANL ;;;;;;;;;;;;
Funcionário 439;ANL ;;;;;;;;;;;;
Funcionário 1146;ESP ;;;;;;;;;;;;
Funcionário 175;ANL ;;;;;;;;;;;;
Funcionário 501;OUTROS;;;;;;;;;;;;
Funcionário 864;SUPTE ;;;;;;;;;;;;
Funcionário 471;ANL ;;;;;;;;;;;;
Funcionário 24;ANL ;;;;;;;;;;;;
Funcionário 95;CONS ;;;;;;;;;;;;
Funcionário 730;GTE ;;;;;;;;;;;;
Funcionário 358;OUTROS;;;;;;;;;;;;
Funcionário 231;COORD ;;;;;;;;;;;;
Funcionário 253;ANL ;;;;;;;;;;;;
Funcionário 1081;GTE ;;;;;;;;;;;;
Funcionário 1113;ANL ;;;;;;;;;;;;
Funcionário 965;COORD ;;;;;;;;;;;;
Funcionário 09;OUTROS;;;;;;;;;;;;
Funcionário 642;COORD ;;;;;;;;;;;;
Funcionário 466;ESP ;;;;;;;;;;;;
Funcionário 156;ANL ;;;;;;;;;;;;
Funcionário 735;ANL ;;;;;;;;;;;;
Funcionário 990;COORD ;;;;;;;;;;;;
Funcionário 1068;OUTROS;;;;;;;;;;;;
Funcionário 77;ANL ;;;;;;;;;;;;
Funcionário 972;SUPTE ;;;;;;;;;;;;
Funcionário 648;GTE ;;;;;;;;;;;;
Funcionário 678;ANL ;;;;;;;;;;;;
Funcionário 1066;COORD ;;;;;;;;;;;;
Funcionário 1106;GTE ;;;;;;;;;;;;
Funcionário 193;COORD ;;;;;;;;;;;;
Funcionário 658;ANL ;;;;;;;;;;;;
Funcionário 1127;ANL ;;;;;;;;;;;;
Funcionário 970;SUPTE ;;;;;;;;;;;;
Funcionário 685;GTE ;;;;;;;;;;;;
Funcionário 633;ANL ;;;;;;;;;;;;
Funcionário 929;ANL ;;;;;;;;;;;;
Funcionário 982;ANL ;;;;;;;;;;;;
Funcionário 1074;GTE ;;;;;;;;;;;;
Funcionário 220;ANL ;;;;;;;;;;;;
Funcionário 1154;ESP ;;;;;;;;;;;;
Funcionário 81;ANL ;;;;;;;;;;;;
Funcionário 333;CONS ;;;;;;;;;;;;
Funcionário 615;ANL ;;;;;;;;;;;;
Funcionário 724;ANL ;;;;;;;;;;;;
Funcionário 1175;GTE ;;;;;;;;;;;;
Funcionário 85;ANL ;;;;;;;;;;;;
Funcionário 697;ESTAGIARIO;;;;;;;;;;;;
Funcionário 547;ANL ;;;;;;;;;;;;
Funcionário 1014;ANL ;;;;;;;;;;;;
Funcionário 773;ANL ;;;;;;;;;;;;
Funcionário 1084;ANL ;;;;;;;;;;;;
Funcionário 830;OUTROS;;;;;;;;;;;;
Funcionário 889;ANL ;;;;;;;;;;;;
Funcionário 1083;ANL ;;;;;;;;;;;;
Funcionário 227;ANL ;;;;;;;;;;;;
Funcionário 229;SUPTE ;;;;;;;;;;;;
Funcionário 322;GTE ;;;;;;;;;;;;
Funcionário 441;ANL ;;;;;;;;;;;;
Funcionário 488;OUTROS;;;;;;;;;;;;
Funcionário 736;CONS ;;;;;;;;;;;;
Funcionário 803;COORD ;;;;;;;;;;;;
Funcionário 1110;DIR ;;;;;;;;;;;;
Funcionário 848;GTE ;;;;;;;;;;;;
Funcionário 607;ESP ;;;;;;;;;;;;
Funcionário 1076;COORD ;;;;;;;;;;;;
Funcionário 1122;ANL ;;;;;;;;;;;;
Funcionário 160;DIR ;;;;;;;;;;;;
Funcionário 214;ANL ;;;;;;;;;;;;
Funcionário 1058;ANL ;;;;;;;;;;;;
Funcionário 1008;ANL ;;;;;;;;;;;;
Funcionário 63;ANL ;;;;;;;;;;;;
Funcionário 26;AST ;;;;;;;;;;;;
Funcionário 54;COORD ;;;;;;;;;;;;
Funcionário 480;ANL ;;;;;;;;;;;;
Funcionário 695;ANL ;;;;;;;;;;;;
Funcionário 1150;ANL ;;;;;;;;;;;;
Funcionário 636;ANL ;;;;;;;;;;;;
Funcionário 567;ANL ;;;;;;;;;;;;
Funcionário 837;ANL ;;;;;;;;;;;;
Funcionário 458;AUDITOR ;;;;;;;;;;;;
Funcionário 601;ANL ;;;;;;;;;;;;
Funcionário 624;GTE ;;;;;;;;;;;;
Funcionário 842;ADVOGADO ;;;;;;;;;;;;
Funcionário 1018;ANL ;;;;;;;;;;;;
Funcionário 519;ANL ;;;;;;;;;;;;
Funcionário 422;ANL ;;;;;;;;;;;;
Funcionário 924;AUDITOR ;;;;;;;;;;;;
Funcionário 408;CHEFE ;;;;;;;;;;;;
Funcionário 476;ESP ;;;;;;;;;;;;
Funcionário 482;ANL ;;;;;;;;;;;;
Funcionário 787;ANL ;;;;;;;;;;;;
Funcionário 790;GTE ;;;;;;;;;;;;
Funcionário 833;ANL ;;;;;;;;;;;;
Funcionário 974;COORD ;;;;;;;;;;;;
Funcionário 746;ANL ;;;;;;;;;;;;
Funcionário 793;ADVOGADO ;;;;;;;;;;;;
Funcionário 1061;ANL ;;;;;;;;;;;;
Funcionário 628;AUDITOR ;;;;;;;;;;;;
Funcionário 123;GTE ;;;;;;;;;;;;
Funcionário 606;OUTROS;;;;;;;;;;;;
Funcionário 313;ANL ;;;;;;;;;;;;
Funcionário 529;ANL ;;;;;;;;;;;;
Funcionário 665;GTE ;;;;;;;;;;;;
Funcionário 164;ANL ;;;;;;;;;;;;
Funcionário 853;ANL ;;;;;;;;;;;;
Funcionário 901;OUTROS;;;;;;;;;;;;
Funcionário 561;ANL ;;;;;;;;;;;;
Funcionário 133;GTE ;;;;;;;;;;;;
Funcionário 277;AUDITOR ;;;;;;;;;;;;
Funcionário 1137;GTE ;;;;;;;;;;;;
Funcionário 479;GTE ;;;;;;;;;;;;
Funcionário 523;ANL ;;;;;;;;;;;;
Funcionário 1048;ANL ;;;;;;;;;;;;
Funcionário 1169;ANL ;;;;;;;;;;;;
Funcionário 553;AST ;;;;;;;;;;;;
Funcionário 708;SUPTE ;;;;;;;;;;;;
Funcionário 962;GTE ;;;;;;;;;;;;
Funcionário 108;ANL ;;;;;;;;;;;;
Funcionário 395;SUPTE ;;;;;;;;;;;;
Funcionário 966;SUPTE ;;;;;;;;;;;;
Funcionário 921;ANL ;;;;;;;;;;;;
Funcionário 22;ANL ;;;;;;;;;;;;
Funcionário 179;ANL ;;;;;;;;;;;;
Funcionário 349;GTE ;;;;;;;;;;;;
Funcionário 431;ANL ;;;;;;;;;;;;
Funcionário 433;GTE ;;;;;;;;;;;;
Funcionário 600;ANL ;;;;;;;;;;;;
Funcionário 732;ANL ;;;;;;;;;;;;
Funcionário 401;OUTROS;;;;;;;;;;;;
Funcionário 850;GTE ;;;;;;;;;;;;
Funcionário 794;ANL ;;;;;;;;;;;;
Funcionário 959;GTE ;;;;;;;;;;;;
Funcionário 124;ANL ;;;;;;;;;;;;
Funcionário 385;ANL ;;;;;;;;;;;;
Funcionário 586;GTE ;;;;;;;;;;;;
Funcionário 153;GTE ;;;;;;;;;;;;
Funcionário 186;ANL ;;;;;;;;;;;;
Funcionário 1064;ANL ;;;;;;;;;;;;
Funcionário 1082;CONS ;;;;;;;;;;;;
Funcionário 884;OUTROS;;;;;;;;;;;;
Funcionário 369;GTE ;;;;;;;;;;;;
Funcionário 597;ANL ;;;;;;;;;;;;
Funcionário 299;ANL ;;;;;;;;;;;;
Funcionário 897;SUPTE ;;;;;;;;;;;;
Funcionário 316;AST ;;;;;;;;;;;;
Funcionário 404;ANL ;;;;;;;;;;;;
Funcionário 657;ANL ;;;;;;;;;;;;
Funcionário 250;ANL ;;;;;;;;;;;;
Funcionário 1101;ANL ;;;;;;;;;;;;
Funcionário 1098;ANL ;;;;;;;;;;;;
Funcionário 444;TECN ;;;;;;;;;;;;
Funcionário 47;ANL ;;;;;;;;;;;;
Funcionário 296;ANL ;;;;;;;;;;;;
Funcionário 733;ANL ;;;;;;;;;;;;
Funcionário 419;ANL ;;;;;;;;;;;;
Funcionário 957;ANL ;;;;;;;;;;;;
Funcionário 403;ANL ;;;;;;;;;;;;
Funcionário 712;ANL ;;;;;;;;;;;;
Funcionário 700;ANL ;;;;;;;;;;;;
Funcionário 526;ANL ;;;;;;;;;;;;
Funcionário 975;ANL ;;;;;;;;;;;;
Funcionário 1028;ANL ;;;;;;;;;;;;
Funcionário 977;CONS ;;;;;;;;;;;;
Funcionário 483;ESP ;;;;;;;;;;;;
Funcionário 729;ADVOGADO ;;;;;;;;;;;;
Funcionário 84;SUPTE ;;;;;;;;;;;;
Funcionário 1041;SUPTE ;;;;;;;;;;;;
Funcionário 64;DIR ;;;;;;;;;;;;
Funcionário 640;OUTROS;;;;;;;;;;;;
Funcionário 863;ANL ;;;;;;;;;;;;
Funcionário 1030;ANL ;;;;;;;;;;;;
Funcionário 485;ANL ;;;;;;;;;;;;
Funcionário 396;SUPTE ;;;;;;;;;;;;
Funcionário 514;GTE ;;;;;;;;;;;;
Funcionário 41;OUTROS;;;;;;;;;;;;
Funcionário 725;ANL ;;;;;;;;;;;;
Funcionário 867;OUTROS;;;;;;;;;;;;
Funcionário 113;ESP ;;;;;;;;;;;;
Funcionário 232;SUPTE ;;;;;;;;;;;;
Funcionário 351;ANL ;;;;;;;;;;;;
Funcionário 98;VICE ;;;;;;;;;;;;
Funcionário 324;CONS ;;;;;;;;;;;;
Funcionário 610;GTE ;;;;;;;;;;;;
Funcionário 689;ANL ;;;;;;;;;;;;
Funcionário 713;OUTROS;;;;;;;;;;;;
Funcionário 152;ESTAGIARIO;;;;;;;;;;;;
Funcionário 868;ESTAGIARIO;;;;;;;;;;;;
Funcionário 10;ANL ;;;;;;;;;;;;
Funcionário 68;OUTROS;;;;;;;;;;;;
Funcionário 104;GTE ;;;;;;;;;;;;
Funcionário 158;ANL ;;;;;;;;;;;;
Funcionário 218;SUPTE ;;;;;;;;;;;;
Funcionário 323;ANL ;;;;;;;;;;;;
Funcionário 337;SUPTE ;;;;;;;;;;;;
Funcionário 838;AUDITOR ;;;;;;;;;;;;
Funcionário 89;AUDITOR ;;;;;;;;;;;;
Funcionário 56;ANL ;;;;;;;;;;;;
Funcionário 762;ANL ;;;;;;;;;;;;
Funcionário 951;COORD ;;;;;;;;;;;;
Funcionário 326;ANL ;;;;;;;;;;;;
Funcionário 1102;OUTROS;;;;;;;;;;;;
Funcionário 1118;ANL ;;;;;;;;;;;;
Funcionário 115;ANL ;;;;;;;;;;;;
Funcionário 71;ANL ;;;;;;;;;;;;
Funcionário 919;SUPTE ;;;;;;;;;;;;
Funcionário 317;GTE ;;;;;;;;;;;;
Funcionário 812;CONS ;;;;;;;;;;;;
Funcionário 659;GTE ;;;;;;;;;;;;
Funcionário 671;ANL ;;;;;;;;;;;;
Funcionário 161;SUPTE ;;;;;;;;;;;;
Funcionário 740;ANL ;;;;;;;;;;;;
Funcionário 981;ANL ;;;;;;;;;;;;
Funcionário 835;ANL ;;;;;;;;;;;;
Funcionário 871;OUTROS;;;;;;;;;;;;
Funcionário 571;OUTROS;;;;;;;;;;;;
Funcionário 1095;ANL ;;;;;;;;;;;;
Funcionário 491;COORD ;;;;;;;;;;;;
Funcionário 707;CONS ;;;;;;;;;;;;
Funcionário 764;ANL ;;;;;;;;;;;;
Funcionário 789;SUPTE ;;;;;;;;;;;;
Funcionário 332;GTE ;;;;;;;;;;;;
Funcionário 592;ANL ;;;;;;;;;;;;
Funcionário 146;ESTAGIARIO;;;;;;;;;;;;
Funcionário 429;ANL ;;;;;;;;;;;;
Funcionário 580;ANL ;;;;;;;;;;;;
Funcionário 1140;ANL ;;;;;;;;;;;;
Funcionário 564;ANL ;;;;;;;;;;;;
Funcionário 489;ANL ;;;;;;;;;;;;
Funcionário 862;ANL ;;;;;;;;;;;;
Funcionário 294;ANL ;;;;;;;;;;;;
Funcionário 389;AUDITOR ;;;;;;;;;;;;
Funcionário 795;OUTROS;;;;;;;;;;;;
Funcionário 58;ANL ;;;;;;;;;;;;
Funcionário 114;AST ;;;;;;;;;;;;
Funcionário 544;ANL ;;;;;;;;;;;;
Funcionário 589;ANL ;;;;;;;;;;;;
Funcionário 594;GTE ;;;;;;;;;;;;
Funcionário 743;GTE ;;;;;;;;;;;;
Funcionário 505;CONS ;;;;;;;;;;;;
Funcionário 126;COORD ;;;;;;;;;;;;
Funcionário 291;ADVOGADO ;;;;;;;;;;;;
Funcionário 663;ANL ;;;;;;;;;;;;
Funcionário 827;OUTROS;;;;;;;;;;;;
Funcionário 1166;COORD ;;;;;;;;;;;;
Funcionário 356;GTE ;;;;;;;;;;;;
Funcionário 574;ANL ;;;;;;;;;;;;
Funcionário 1120;DIR ;;;;;;;;;;;;
Funcionário 67;ANL ;;;;;;;;;;;;
Funcionário 1044;ANL ;;;;;;;;;;;;
Funcionário 1065;ANL ;;;;;;;;;;;;
Funcionário 267;ANL ;;;;;;;;;;;;
Funcionário 174;ANL ;;;;;;;;;;;;
Funcionário 421;ANL ;;;;;;;;;;;;
Funcionário 1151;ANL ;;;;;;;;;;;;
Funcionário 148;ANL ;;;;;;;;;;;;
Funcionário 384;GTE ;;;;;;;;;;;;
Funcionário 569;COORD ;;;;;;;;;;;;
Funcionário 1103;ANL ;;;;;;;;;;;;
Funcionário 28;OUTROS;;;;;;;;;;;;
Funcionário 07;CONS ;;;;;;;;;;;;
Funcionário 145;ESP ;;;;;;;;;;;;
Funcionário 210;ANL ;;;;;;;;;;;;
Funcionário 228;GTE ;;;;;;;;;;;;
Funcionário 242;AST ;;;;;;;;;;;;
Funcionário 246;CONS ;;;;;;;;;;;;
Funcionário 248;GTE ;;;;;;;;;;;;
Funcionário 350;ANL ;;;;;;;;;;;;
Funcionário 457;CONS ;;;;;;;;;;;;
Funcionário 619;ANL ;;;;;;;;;;;;
Funcionário 711;OUTROS;;;;;;;;;;;;
Funcionário 904;ANL ;;;;;;;;;;;;
Funcionário 938;GTE ;;;;;;;;;;;;
Funcionário 1063;ANL ;;;;;;;;;;;;
Funcionário 1089;ANL ;;;;;;;;;;;;
Funcionário 1111;ANL ;;;;;;;;;;;;
Funcionário 459;DIR ;;;;;;;;;;;;
Funcionário 617;ANL ;;;;;;;;;;;;
Funcionário 117;OUTROS;;;;;;;;;;;;
Funcionário 118;ANL ;;;;;;;;;;;;
Funcionário 339;CONS ;;;;;;;;;;;;
Funcionário 184;SUPTE ;;;;;;;;;;;;
Funcionário 545;ANL ;;;;;;;;;;;;
Funcionário 859;ANL ;;;;;;;;;;;;
Funcionário 1105;GTE ;;;;;;;;;;;;
Funcionário 352;ANL ;;;;;;;;;;;;
Funcionário 869;ANL ;;;;;;;;;;;;
Funcionário 258;GTE ;;;;;;;;;;;;
Funcionário 216;ANL ;;;;;;;;;;;;
Funcionário 460;CONS ;;;;;;;;;;;;
Funcionário 1117;SUPTE ;;;;;;;;;;;;
Funcionário 204;OUTROS;;;;;;;;;;;;
Funcionário 261;ANL ;;;;;;;;;;;;
Funcionário 300;ANL ;;;;;;;;;;;;
Funcionário 799;ANL ;;;;;;;;;;;;
Funcionário 29;GTE ;;;;;;;;;;;;
Funcionário 669;GTE ;;;;;;;;;;;;
Funcionário 874;ANL ;;;;;;;;;;;;
Funcionário 51;AST ;;;;;;;;;;;;
Funcionário 932;ANL ;;;;;;;;;;;;
Funcionário 430;ANL ;;;;;;;;;;;;
Funcionário 912;ANL ;;;;;;;;;;;;
Funcionário 39;ANL ;;;;;;;;;;;;
Funcionário 448;ANL ;;;;;;;;;;;;
Funcionário 876;OUTROS;;;;;;;;;;;;
Funcionário 503;ANL ;;;;;;;;;;;;
Funcionário 536;OUTROS;;;;;;;;;;;;
Funcionário 895;OUTROS;;;;;;;;;;;;
Funcionário 189;ANL ;;;;;;;;;;;;
Funcionário 456;CONS ;;;;;;;;;;;;
Funcionário 716;GTE ;;;;;;;;;;;;
Funcionário 517;ANL ;;;;;;;;;;;;
Funcionário 05;ANL ;;;;;;;;;;;;
Funcionário 484;ANL ;;;;;;;;;;;;
Funcionário 1015;ANL ;;;;;;;;;;;;
Funcionário 750;ANL ;;;;;;;;;;;;
Funcionário 936;ANL ;;;;;;;;;;;;
Funcionário 83;COORD ;;;;;;;;;;;;
Funcionário 638;ANL ;;;;;;;;;;;;
Funcionário 1123;ESP ;;;;;;;;;;;;
Funcionário 364;ANL ;;;;;;;;;;;;
Funcionário 470;OUTROS;;;;;;;;;;;;
Funcionário 639;ANL ;;;;;;;;;;;;
Funcionário 686;ANL ;;;;;;;;;;;;
Funcionário 882;GTE ;;;;;;;;;;;;
Funcionário 377;SUPTE ;;;;;;;;;;;;
Funcionário 778;ADVOGADO ;;;;;;;;;;;;
Funcionário 826;ANL ;;;;;;;;;;;;
Funcionário 428;GTE ;;;;;;;;;;;;
Funcionário 289;ANL ;;;;;;;;;;;;
Funcionário 996;GTE ;;;;;;;;;;;;
Funcionário 368;GTE ;;;;;;;;;;;;
Funcionário 04;ADVOGADO ;;;;;;;;;;;;
Funcionário 410;GTE ;;;;;;;;;;;;
Funcionário 706;CONS ;;;;;;;;;;;;
Funcionário 468;COORD ;;;;;;;;;;;;
Funcionário 819;OUTROS;;;;;;;;;;;;
Funcionário 680;AST ;;;;;;;;;;;;
Funcionário 173;ANL ;;;;;;;;;;;;
Funcionário 647;ANL ;;;;;;;;;;;;
Funcionário 820;GER ;;;;;;;;;;;;
Funcionário 119;ANL ;;;;;;;;;;;;
Funcionário 968;GTE ;;;;;;;;;;;;
Funcionário 1173;ANL ;;;;;;;;;;;;
Funcionário 1075;ANL ;;;;;;;;;;;;
Funcionário 61;GTE ;;;;;;;;;;;;
Funcionário 92;GTE ;;;;;;;;;;;;
Funcionário 166;ANL ;;;;;;;;;;;;
Funcionário 391;ANL ;;;;;;;;;;;;
Funcionário 447;ANL ;;;;;;;;;;;;
Funcionário 522;ADVOGADO ;;;;;;;;;;;;
Funcionário 13;GTE ;;;;;;;;;;;;
Funcionário 449;GTE ;;;;;;;;;;;;
Funcionário 583;ESP ;;;;;;;;;;;;
Funcionário 934;OUTROS;;;;;;;;;;;;
Funcionário 1085;ANL ;;;;;;;;;;;;
Funcionário 442;ANL ;;;;;;;;;;;;
Funcionário 472;DIR ;;;;;;;;;;;;
Funcionário 849;ANL ;;;;;;;;;;;;
Funcionário 555;ANL ;;;;;;;;;;;;
Funcionário 667;ANL ;;;;;;;;;;;;
Funcionário 681;OUTROS;;;;;;;;;;;;
Funcionário 539;GTE ;;;;;;;;;;;;
Funcionário 995;OUTROS;;;;;;;;;;;;
Funcionário 79;SUPTE ;;;;;;;;;;;;
Funcionário 274;AUDITOR ;;;;;;;;;;;;
Funcionário 406;OUTROS;;;;;;;;;;;;
Funcionário 1153;ANL ;;;;;;;;;;;;
Funcionário 425;GTE ;;;;;;;;;;;;
Funcionário 651;ANL ;;;;;;;;;;;;
Funcionário 55;COORD ;;;;;;;;;;;;
Funcionário 256;ANL ;;;;;;;;;;;;
Funcionário 276;GTE ;;;;;;;;;;;;
Funcionário 870;ANL ;;;;;;;;;;;;
Funcionário 390;GTE ;;;;;;;;;;;;
Funcionário 1004;ANL ;;;;;;;;;;;;
Funcionário 590;ANL ;;;;;;;;;;;;
Funcionário 559;ANL ;;;;;;;;;;;;
Funcionário 1005;ANL ;;;;;;;;;;;;
Funcionário 97;GTE ;;;;;;;;;;;;
Funcionário 239;AUDITOR ;;;;;;;;;;;;
Funcionário 570;SUPTE ;;;;;;;;;;;;
Funcionário 688;AUDITOR ;;;;;;;;;;;;
Funcionário 907;ANL ;;;;;;;;;;;;
Funcionário 1094;CONS ;;;;;;;;;;;;
Funcionário 167;ANL ;;;;;;;;;;;;
Funcionário 170;CONS ;;;;;;;;;;;;
Funcionário 515;AUDITOR ;;;;;;;;;;;;
Funcionário 754;COORD ;;;;;;;;;;;;
Funcionário 87;ANL ;;;;;;;;;;;;
Funcionário 622;CONS ;;;;;;;;;;;;
Funcionário 781;SUPTE ;;;;;;;;;;;;
Funcionário 513;ANL ;;;;;;;;;;;;
Funcionário 497;ANL ;;;;;;;;;;;;
Funcionário 196;ANL ;;;;;;;;;;;;
Funcionário 320;GTE ;;;;;;;;;;;;
Funcionário 335;ANL ;;;;;;;;;;;;
Funcionário 502;SUPTE ;;;;;;;;;;;;
Funcionário 798;ADVOGADO ;;;;;;;;;;;;
Funcionário 937;ANL ;;;;;;;;;;;;
Funcionário 340;OUTROS;;;;;;;;;;;;
Funcionário 598;ANL ;;;;;;;;;;;;
Funcionário 1125;CONS ;;;;;;;;;;;;
Funcionário 236;DIR ;;;;;;;;;;;;
Funcionário 873;ANL ;;;;;;;;;;;;
Funcionário 1179;ANL ;;;;;;;;;;;;
Funcionário 219;GTE ;;;;;;;;;;;;
Funcionário 1056;ANL ;;;;;;;;;;;;
Funcionário 632;GTE ;;;;;;;;;;;;
Funcionário 496;ANL ;;;;;;;;;;;;
Funcionário 694;CONS ;;;;;;;;;;;;
Funcionário 720;SUPTE ;;;;;;;;;;;;
Funcionário 704;AUDITOR ;;;;;;;;;;;;
Funcionário 213;ANL ;;;;;;;;;;;;
Funcionário 271;OUTROS;;;;;;;;;;;;
Funcionário 273;GTE ;;;;;;;;;;;;
Funcionário 217;ANL ;;;;;;;;;;;;
Funcionário 1057;ANL ;;;;;;;;;;;;
Funcionário 880;CONS ;;;;;;;;;;;;
Funcionário 741;ANL ;;;;;;;;;;;;
Funcionário 1010;OUTROS;;;;;;;;;;;;
Funcionário 03;CONS ;;;;;;;;;;;;
Funcionário 96;GTE ;;;;;;;;;;;;
Funcionário 207;AST ;;;;;;;;;;;;
Funcionário 478;COORD ;;;;;;;;;;;;
Funcionário 65;ANL ;;;;;;;;;;;;
Funcionário 57;ANL ;;;;;;;;;;;;
Funcionário 82;ANL ;;;;;;;;;;;;
Funcionário 786;GTE ;;;;;;;;;;;;
Funcionário 576;ANL ;;;;;;;;;;;;
Funcionário 1039;AST ;;;;;;;;;;;;
Funcionário 16;AST ;;;;;;;;;;;;
Funcionário 616;ANL ;;;;;;;;;;;;
Funcionário 747;COORD ;;;;;;;;;;;;
Funcionário 73;GTE ;;;;;;;;;;;;
Funcionário 797;SUPTE ;;;;;;;;;;;;
Funcionário 999;ANL ;;;;;;;;;;;;
Funcionário 247;ANL ;;;;;;;;;;;;
Funcionário 388;ANL ;;;;;;;;;;;;
Funcionário 630;AST ;;;;;;;;;;;;
Funcionário 891;ANL ;;;;;;;;;;;;
Funcionário 1073;ANL ;;;;;;;;;;;;
Funcionário 222;COORD ;;;;;;;;;;;;
Funcionário 956;SUPTE ;;;;;;;;;;;;
Funcionário 661;ANL ;;;;;;;;;;;;
Funcionário 603;ANL ;;;;;;;;;;;;
Funcionário 922;OUTROS;;;;;;;;;;;;
Funcionário 415;ANL ;;;;;;;;;;;;
Funcionário 493;OUTROS;;;;;;;;;;;;
Funcionário 710;AST ;;;;;;;;;;;;
Funcionário 1029;ANL ;;;;;;;;;;;;
Funcionário 857;OUTROS;;;;;;;;;;;;
Funcionário 655;ANL ;;;;;;;;;;;;
Funcionário 08;ANL ;;;;;;;;;;;;
Funcionário 48;ANL ;;;;;;;;;;;;
Funcionário 102;ANL ;;;;;;;;;;;;
Funcionário 107;ANL ;;;;;;;;;;;;
Funcionário 110;ANL ;;;;;;;;;;;;
Funcionário 116;COORD ;;;;;;;;;;;;
Funcionário 129;AUDITOR ;;;;;;;;;;;;
Funcionário 141;SUPTE ;;;;;;;;;;;;
Funcionário 157;COORD ;;;;;;;;;;;;
Funcionário 176;ANL ;;;;;;;;;;;;
Funcionário 221;ANL ;;;;;;;;;;;;
Funcionário 223;ANL ;;;;;;;;;;;;
Funcionário 225;ANL ;;;;;;;;;;;;
Funcionário 238;CONS ;;;;;;;;;;;;
Funcionário 334;ANL ;;;;;;;;;;;;
Funcionário 344;CHEFE ;;;;;;;;;;;;
Funcionário 345;OUTROS;;;;;;;;;;;;
Funcionário 354;ANL ;;;;;;;;;;;;
Funcionário 359;AST ;;;;;;;;;;;;
Funcionário 360;ANL ;;;;;;;;;;;;
Funcionário 366;ANL ;;;;;;;;;;;;
Funcionário 373;OUTROS;;;;;;;;;;;;
Funcionário 259;ANL ;;;;;;;;;;;;
Funcionário 265;ANL ;;;;;;;;;;;;
Funcionário 266;ANL ;;;;;;;;;;;;
Funcionário 269;ANL ;;;;;;;;;;;;
Funcionário 498;GTE ;;;;;;;;;;;;
Funcionário 508;ANL ;;;;;;;;;;;;
Funcionário 518;SUPTE ;;;;;;;;;;;;
Funcionário 551;GTE ;;;;;;;;;;;;
Funcionário 554;SUPTE ;;;;;;;;;;;;
Funcionário 557;AUDITOR ;;;;;;;;;;;;
Funcionário 560;ANL ;;;;;;;;;;;;
Funcionário 562;ANL ;;;;;;;;;;;;
Funcionário 563;ANL ;;;;;;;;;;;;
Funcionário 566;ESP ;;;;;;;;;;;;
Funcionário 573;CONS ;;;;;;;;;;;;
Funcionário 608;CONS ;;;;;;;;;;;;
Funcionário 613;ANL ;;;;;;;;;;;;
Funcionário 614;ANL ;;;;;;;;;;;;
Funcionário 618;ANL ;;;;;;;;;;;;
Funcionário 621;ANL ;;;;;;;;;;;;
Funcionário 626;AST ;;;;;;;;;;;;
Funcionário 644;ANL ;;;;;;;;;;;;
Funcionário 650;ESP ;;;;;;;;;;;;
Funcionário 656;ANL ;;;;;;;;;;;;
Funcionário 691;SUPTE ;;;;;;;;;;;;
Funcionário 698;ANL ;;;;;;;;;;;;
Funcionário 739;ANL ;;;;;;;;;;;;
Funcionário 745;OUTROS;;;;;;;;;;;;
Funcionário 768;AUDITOR ;;;;;;;;;;;;
Funcionário 779;GTE ;;;;;;;;;;;;
Funcionário 809;ANL ;;;;;;;;;;;;
Funcionário 815;ANL ;;;;;;;;;;;;
Funcionário 817;ANL ;;;;;;;;;;;;
Funcionário 825;ANL ;;;;;;;;;;;;
Funcionário 829;ANL ;;;;;;;;;;;;
Funcionário 841;GTE ;;;;;;;;;;;;
Funcionário 854;CONS ;;;;;;;;;;;;
Funcionário 855;ANL ;;;;;;;;;;;;
Funcionário 872;ANL ;;;;;;;;;;;;
Funcionário 883;CONS ;;;;;;;;;;;;
Funcionário 899;TECN ;;;;;;;;;;;;
Funcionário 910;ESTAGIARIO;;;;;;;;;;;;
Funcionário 918;GTE ;;;;;;;;;;;;
Funcionário 931;ESTAGIARIO;;;;;;;;;;;;
Funcionário 944;ANL ;;;;;;;;;;;;
Funcionário 946;ESTAGIARIO;;;;;;;;;;;;
Funcionário 947;ESTAGIARIO;;;;;;;;;;;;
Funcionário 961;AST ;;;;;;;;;;;;
Funcionário 976;ANL ;;;;;;;;;;;;
Funcionário 994;ESTAGIARIO;;;;;;;;;;;;
Funcionário 1001;CONS ;;;;;;;;;;;;
Funcionário 1003;ADVOGADO ;;;;;;;;;;;;
Funcionário 1006;AUDITOR ;;;;;;;;;;;;
Funcionário 1040;ESTAGIARIO;;;;;;;;;;;;
Funcionário 1054;ESTAGIARIO;;;;;;;;;;;;
Funcionário 1060;ANL ;;;;;;;;;;;;
Funcionário 1086;ADVOGADO ;;;;;;;;;;;;
Funcionário 1088;ADVOGADO ;;;;;;;;;;;;
Funcionário 1091;ANL ;;;;;;;;;;;;
Funcionário 52;ESTAGIARIO;;;;;;;;;;;;
Funcionário 121;ANL ;;;;;;;;;;;;
Funcionário 783;ANL ;;;;;;;;;;;;
Funcionário 662;CONS ;;;;;;;;;;;;
Funcionário 1109;ANL ;;;;;;;;;;;;
Funcionário 1114;ANL ;;;;;;;;;;;;
